correct,incorrectaardvark,aadvarkaardvark,aadvarksaardvark,aardvaarkaardvark,aarkvardaardvark,advartaardvark,ardvaarkaardvark,ardvarkaardvark,aadvarkaardvark,aadvarksaardvark,aardvaarkaardvark,aarkvardaardvark,advartaardvark,ardvaarkaardvark,ardvarkafghanhound,afghansafghanhound,afghansairdaleterrier,airedaleterrierairdaleterrier,airedaleterrierairedaleterrier,airdaleairedaleterrier,airdalesairedaleterrier,airedaleairedaleterrier,airdaleairedaleterrier,airdalesairedaleterrier,airedalealbatross,albatrosalbatross,albatrossealbatross,albatrosalbatross,albatrossealligator,alagartoralligator,alagatoralligator,alagatorsalligator,alegatoralligator,alegatorsalligator,aligateralligator,aligatoralligator,aligatorsalligator,aligattoralligator,allegatoralligator,allgatoralligator,alliagotalligator,alliagtoralligator,alliagtorsalligator,alligaotralligator,alligaroralligator,alligataralligator,alligateralligator,alligatoalligator,alligatorsalligator,alliigatoralligator,gatoralligator,gatorsalligator,zlligatoralligator,alagartoralligator,alagatoralligator,alagatorsalligator,alegatoralligator,alegatorsalligator,aligateralligator,aligatoralligator,aligatorsalligator,aligattoralligator,allegatoralligator,allgatoralligator,alliagotalligator,alliagtoralligator,alliagtorsalligator,alligaotralligator,alligaroralligator,alligataralligator,alligateralligator,alligatoalligator,alligatorsalligator,alliigatoralligator,gatoralligator,gatorsalligator,zlligatoralligator,alligaoralligator,alligaoralligator,alligatorgaralpaca,alpacasalpaca,alpaccaalpaca,alpachaalpaca,alpackaalpaca,alpackasalpaca,alpakasalpaca,aplacaalpaca,elpacaalpaca,elpakaalpaca,alpacasalpaca,alpaccaalpaca,alpachaalpaca,alpackaalpaca,alpackasalpaca,alpakasalpaca,aplacaalpaca,elpacaalpaca,elpakaalpaca,alpaceanaconda,anacandaanaconda,anacondasanaconda,anocondaanaconda,anacandaanaconda,anacondasanaconda,anocondaanchovy,anchovieanchovy,anchovieanemone,anenomieanemone,seaanemeneanemone,seaanemonesanemone,seaanenomeanemone,seanemoneanemone,anenomieanemone,seaanemeneanemone,seaanemonesanemone,seaanenomeanemone,seanemoneangelfish,angelfishesangelfish,anglefishangelfish,angelfishesangelfish,anglefishanglerfish,angleranglerfish,anglerfishesanglerfish,anglerfishsanglerfish,antleranglerfish,angleranglerfish,anglerfishesanglerfish,anglerfishsanglerfish,antlerant,anant,andant,andtsant,antsant,anttant,anyant,anant,andant,andtsant,antsant,anttant,anyant,auntanteater,anteatanteater,anteatersanteater,anteatheranteater,anteatteranteater,anterateranteater,anteteranteater,antwateranteater,anyeateranteater,anteatanteater,anteatersanteater,anteatheranteater,anteatteranteater,anterateranteater,anteteranteater,antwateranteater,anyeaterantelope,analopeantelope,anetelopeantelope,antalopeantelope,antalopesantelope,antaloupeantelope,antellopeantelope,antellopesantelope,antelopantelope,antelopesantelope,antelophantelope,antelopreantelope,antilopeantelope,antlopeantelope,atelopeantelope,cantalopeantelope,cantaloupeantelope,analopeantelope,anetelopeantelope,antalopeantelope,antalopesantelope,antaloupeantelope,antellopeantelope,antellopesantelope,antelopantelope,antelopesantelope,antelophantelope,antelopreantelope,antilopeantelope,antlopeantelope,atelopeantelope,cantalopeantelope,cantaloupeantelope,anteatereantelope,anteloupeantelope,canteloupeapatosaurus,apathosaurusajaxapatosaurus,apathosaurusajaxape,ageape,apape,apesape,aprape,ageape,apape,apesape,apraplysia,seaslugaplysiaaplysia,seaslugaplysiaarcticfox,snowfoxarcticfox,snowfoxarmadillo,admaridlloarmadillo,ardmilloarmadillo,armadillloarmadillo,armadillosarmadillo,armadiloarmadillo,armadilosarmadillo,armdillaarmadillo,armiadilloarmadillo,armidilloarmadillo,rmadilloarmadillo,admaridlloarmadillo,ardmilloarmadillo,armadillloarmadillo,armadillosarmadillo,armadiloarmadillo,armadilosarmadillo,armdillaarmadillo,armiadilloarmadillo,armidilloarmadillo,rmadilloascidians,seasquirtascidians,seasquirtauk,awkauk,awkbaboon,babboonbaboon,baboobaboon,baboobbaboon,baboombaboon,baboonsbaboon,bamboonbaboon,babboonbaboon,baboobaboon,baboobbaboon,baboombaboon,baboonsbaboon,bamboonbaboon,banboonbadger,badgebadger,badgersbadger,bagerbadger,bandgerbadger,bedgerbadger,badgebadger,badgersbadger,bagerbadger,bandgerbadger,bedgerbananaslug,bananaslugsbananaslug,bananslugbananaslug,bananaslugsbananaslug,bananslugbarracuda,baracudabarracuda,barricudabarracuda,baracudabarracuda,barricudabass,bashbass,rockbassbass,bashbass,rockbassbassethound,basethoundsbassethound,bassethoundsbassethound,basethoundsbassethound,bassethoundsbat,batsbat,batsbeagle,bealebeagle,bealebear,bearsbear,beerbear,berbear,berarbear,nearbear,vearbear,bearsbear,beerbear,berbear,berarbear,nearbear,vearbear,"bear,"bear,beqarbear,grizzelybearbeardeddragon,beadeddragonbeardeddragon,beardeddragonsbeardeddragon,sbeardeddragonbeardeddragon,beadeddragonbeardeddragon,beardeddragonsbeardeddragon,sbeardeddragonbeaver,beaversbeaver,beavrrbeaver,beverbeaver,beaversbeaver,beavrrbeaver,beverbee,beesbee,berbee,bumblebeebee,beesbee,berbee,bumblebeebeetle,beatlebeetle,beatlesbeetle,beetebeetle,beetlesbeetle,bettlebeetle,beatlebeetle,beatlesbeetle,beetebeetle,beetlesbeetle,bettlebeluga,baloogawhalebeluga,balugabeluga,balugawhalebeluga,beluga whalebeluga,belugawhalebeluga,bolugabeluga,bolugawhalebeluga,whitewhatebeluga,baloogawhalebeluga,balugabeluga,balugawhalebeluga,beluga whalebeluga,belugawhalebeluga,bolugabeluga,bolugawhalebeluga,whitewhatebengaltiger,bangelbengaltiger,begaltigerbengaltiger,bengalbengaltiger,bengalitigerbengaltiger,bengelbengaltiger,bangelbengaltiger,begaltigerbengaltiger,bengalbengaltiger,bengalitigerbengaltiger,bengelbernesemountaindog,burmesemountaindogbernesemountaindog,burmesemountaindogbettafish,betabettafish,betafishbettafish,betafishesbettafish,betafishsbettafish,bettabettafish,bettafishesbettafish,betttafishbettafish,betabettafish,betafishbettafish,betafishesbettafish,betafishsbettafish,bettabettafish,bettafishesbettafish,betttafishbighorn,bighornsheepbighorn,bighornsheepbilbie,bilbiesbilbie,bilbiesbilbies,bilbybilbies,bilbybinturong,bearcatbinturong,binterrungbinturong,binterungbinturong,bearcatbinturong,binterrungbinturong,binterungbird,bidbird,birbbird,birdfbird,birdsbird,pajarobird,redbirdbird,bidbird,birbbird,birdfbird,birdsbird,pajarobird,redbirdbird,birfbison,[bisonbison,bizonbison,[bisonbison,bizonbison,americanbisonbison,bisconbison,bisconbison,bisoblack-cappedchickadee,black-cappedchickodeeblack-cappedchickadee,blackcappedchickodeeblack-cappedchickadee,black-cappedchickodeeblack-cappedchickadee,blackcappedchickodeeblackbear,blackbeareblackbear,blackbearsblackbear,blackbeatblackbear,blackbeareblackbear,blackbearsblackbear,blackbeatblackbear,blackbarblackwidow,blackwidowspiderblackwidow,blackwidowspiderblobfish,blobfishesblobfish,blubberfishblobfish,blobfishesblobfish,blubberfishbluebird,bluebirdsbluebird,bluebirdsbluegill,bluegilbluegill,bluegilblueheron,blueheronsblueheron,greatblueheronblueheron,blueheronsblueheron,greatblueheronbluejay,bluebaybluejay,bluejarbluejay,bluejarbluejay,bluejaysbluejay,bluebaybluejay,bluejarbluejay,bluejarbluejay,bluejaysblueshark,bluesharksblueshark,bluesharksboaconstrictor,boaboaconstrictor,boaconstricterboaconstrictor,boaboaconstrictor,boaconstricterboar,boardboar,boreboar,goarboar,wildboarboar,wildboardboar,wildbogboar,wildboreboar,boardboar,boreboar,goarboar,wildboarboar,wildboardboar,wildbogboar,wildboreboar,boarebobcat,babcatbobcat,bobacatbobcat,bobatbobcat,bobcatsbobcat,boobcatbobcat,babcatbobcat,bobacatbobcat,bobatbobcat,bobcatsbobcat,boobcatbobcat,"bobcat,"bobcat,pigcatbobcat,turkeybobcatbonobo,banobobonobo,bonnobobonobo,bonobosbonobo,boonobobonobo,banobobonobo,bonnobobonobo,bonobosbonobo,boonobobooby,bookbooby,bookboxer,boxersboxer,boxersboxturtle,easternboxturtleboxturtle,easternboxturtlebrownbear,brownbairbrownbear,brownbairbrownreclusespider,brownreclusebrownreclusespider,reclusespiderbrownreclusespider,brownreclusebrownreclusespider,reclusespiderbuffalo,baffalobuffalo,baffulobuffalo,buaffalobuffalo,bufallobuffalo,bufalobuffalo,buffallobuffalo,buffalosbuffalo,buffilobuffalo,bufflalobuffalo,baffalobuffalo,baffulobuffalo,buaffalobuffalo,bufallobuffalo,bufalobuffalo,buffallobuffalo,buffalosbuffalo,buffilobuffalo,bufflalobuffalo,buffaobug,abugbug,bigbug,bugsbug,abugbug,bigbug,bugsbull,bulbull,bulllbull,bulbull,bulllbulldog,bulldogsbulldog,bulldogsbullmastiff,brownmastiefbullmastiff,brownmastiefbulls,bullobulls,bullobullsnake,bullsnakesbullsnake,bullsnakesbumblebee,bubblebeebumblebee,bumblebeesbumblebee,bubblebeebumblebee,bumblebeesrabbit,bunniesrabbit,bunnniesrabbit,bunntrabbit,bunnyrabbitrabbit,bunniesrabbit,bunnniesrabbit,bunntrabbit,bunnyrabbitbunting,whitingbunting,whitingbutterfly,abutterflybutterfly,bufferflybutterfly,butterflbutterfly,butterfliesbutterfly,butterflysbutterfly,butterfulybutterfly,butterlybutterfly,abutterflybutterfly,bufferflybutterfly,butterflbutterfly,butterfliesbutterfly,butterflysbutterfly,butterfulybutterfly,butterlycaiman,caimencaiman,caymancaiman,kamencaiman,caimencaiman,caymancaiman,kamencalf,calfecalf,calvescalf,walfcalf,calfecalf,calvescalf,walfcamel,camalcamel,cambelcamel,camecamel,camellllllllcamel,camelscamel,cameocamel,camlecamel,cammelcamel,cmelcamel,camalcamel,cambelcamel,camecamel,camellllllllcamel,camelscamel,cameocamel,camlecamel,cammelcamel,cmelcanary,canariescanary,cancarycanary,canariescanary,cancarycapuchin,capuchinmonkeycapuchin,capuchinscapuchin,caputchincapuchin,capuchinmonkeycapuchin,capuchinscapuchin,caputchincapybara,cabibaracapybara,capabaracapybara,capabayracapybara,capaberacapybara,capaberracapybara,capibaracapybara,capibarracapybara,cappebaracapybara,cappubarracapybara,capybarascapybara,capybarracapybara,capyberacapybara,cabibaracapybara,capabaracapybara,capabayracapybara,capaberacapybara,capaberracapybara,capibaracapybara,capibarracapybara,cappebaracapybara,cappubarracapybara,capybarascapybara,capybarracapybara,capyberacaracal,caricalcaracal,caricalcardinal,caracalcardinal,cardianlcardinal,cardinalscardinal,caracalcardinal,cardianlcardinal,cardinalscaribou,carabaocaribou,caraboocaribou,caraboucaribou,carabouscaribou,cariboocaribou,caribooscaribou,caribucaribou,caribuscaribou,carraboucaribou,carabaocaribou,caraboocaribou,caraboucaribou,carabouscaribou,cariboocaribou,caribooscaribou,caribucaribou,caribuscaribou,carraboucarp,carbcarp,crapcarp,carbcarp,crapcarpenterant,carpenterantscarpenterant,carpenterantscat,cacat,caatcat,carcat,catecat,catgcat,catscat,ctcat,domesticatedcatcat,housecatcat,householdcatcat,katcat,kittycat,pussycatcat,tuxedocatcat,cacat,caatcat,carcat,catecat,catgcat,catscat,ctcat,domesticatedcatcat,housecatcat,householdcatcat,katcat,kittycat,pussycatcat,tuxedocatcat,cathcat,catycat,mainecoonecaterpillar,catapillarcaterpillar,catapillercaterpillar,catarpillarcaterpillar,catarpillarscaterpillar,catepillarcaterpillar,caterpilarcaterpillar,caterpillarscaterpillar,caterpillercaterpillar,catipillarscaterpillar,cattapillarcaterpillar,catterpilarcaterpillar,catterpillarcaterpillar,cattipillarcaterpillar,catapillarcaterpillar,catapillercaterpillar,catarpillarcaterpillar,catarpillarscaterpillar,catepillarcaterpillar,caterpilarcaterpillar,caterpillarscaterpillar,caterpillercaterpillar,catipillarscaterpillar,cattapillarcaterpillar,catterpilarcaterpillar,catterpillarcaterpillar,cattipillarcaterpillar,catepillercavalierkingcharlesspaniel,kingcharlescavalierspanielscavalierkingcharlesspaniel,kingcharlescavalierspanielscentipede,centapeedcentipede,centapeedscentipede,centepedecentipede,centepedescentipede,centpedecentipede,centapeedcentipede,centapeedscentipede,centepedecentipede,centepedescentipede,centpedechameleon,chamelionchameleon,chameloenchameleon,chamelonchameleon,chamileonchameleon,chamelionchameleon,chameloenchameleon,chamelonchameleon,chamileoncheetah,cheatacheetah,cheertacheetah,cheetacheetah,cheetachcheetah,cheetagcheetah,cheetaghcheetah,cheetahscheetah,cheethacheetah,cheethahcheetah,cheethascheetah,chetahcheetah,chettacheetah,cheatacheetah,cheertacheetah,cheetacheetah,cheetachcheetah,cheetagcheetah,cheetaghcheetah,cheetahscheetah,cheethacheetah,cheethahcheetah,cheethascheetah,chetahcheetah,chettacheetah,chettahcheetah,chettahchick,chichick,chickschick,cjimpchick,chichick,chickschick,cjimpchickadee,chickadeeschickadee,chickedeechickadee,chickadeeschickadee,chickedeechicken,chicenchicken,chickechicken,chickebnchicken,chickenschicken,chikcenchicken,chikcenschicken,chikenchicken,cjivkenchicken,crickenchicken,hikenchicken,chicenchicken,chickechicken,chickebnchicken,chickenschicken,chikcenchicken,chikcenschicken,chikenchicken,cjivkenchicken,crickenchicken,hikenchicken,"chicken,"chihuahua,chichuauachihuahua,chichuauaschihuahua,chihuahachihuahua,chihuahuahchihuahua,chihuahuaschihuahua,chiuauachihuahua,chiuauaschihuahua,chiuchuachihuahua,chiuchuaschihuahua,chichuauachihuahua,chichuauaschihuahua,chihuahachihuahua,chihuahuahchihuahua,chihuahuaschihuahua,chiuauachihuahua,chiuauaschihuahua,chiuchuachihuahua,chiuchuaschimpanzee,chimanzeechimpanzee,chimapanzeechimpanzee,chimpchimpanzee,chimpachimpanzee,chimpaknesschimpanzee,chimpanseechimpanzee,chimpanzechimpanzee,chimpanzeedchimpanzee,chimpanzeeechimpanzee,chimpanzeeschimpanzee,chimpanzeschimpanzee,chimpanziwechimpanzee,chimpazeechimpanzee,chimpnazeechimpanzee,chimpschimpanzee,chipanzeechimpanzee,panzeechimpanzee,chimanzeechimpanzee,chimapanzeechimpanzee,chimpchimpanzee,chimpachimpanzee,chimpaknesschimpanzee,chimpanseechimpanzee,chimpanzechimpanzee,chimpanzeedchimpanzee,chimpanzeeechimpanzee,chimpanzeeschimpanzee,chimpanzeschimpanzee,chimpanziwechimpanzee,chimpazeechimpanzee,chimpnazeechimpanzee,chimpschimpanzee,chipanzeechimpanzee,panzeechimpanzee,chimpamnzeechinchilla,chinchilachinchilla,chincillachinchilla,chionchillachinchilla,cinchillachinchilla,chinchilachinchilla,chincillachinchilla,chionchillachinchilla,cinchillachinchilla,chinchiluachipmunk,ardillachipmunk,chikmonkchipmunk,chimmunkchipmunk,chimpmunkchipmunk,chimponkchipmunk,chimpumkchipmunk,chimpumkschipmunk,chimpunkchipmunk,chipmonkchipmunk,chipmonkschipmunk,chipmuckchipmunk,chipmuckschipmunk,chipmukchipmunk,chipmunchipmunk,chipmunckchipmunk,chipmunjkchipmunk,chipmunkschipmunk,chipmunlchipmunk,chupmonkchipmunk,cipmonkchipmunk,cipmonkschipmunk,cipmunmchipmunk,ardillachipmunk,chikmonkchipmunk,chimmunkchipmunk,chimpmunkchipmunk,chimponkchipmunk,chimpumkchipmunk,chimpumkschipmunk,chimpunkchipmunk,chipmonkchipmunk,chipmonkschipmunk,chipmuckchipmunk,chipmuckschipmunk,chipmukchipmunk,chipmunchipmunk,chipmunckchipmunk,chipmunjkchipmunk,chipmunkschipmunk,chipmunlchipmunk,chupmonkchipmunk,cipmonkchipmunk,cipmonkschipmunk,cipmunmcivet,civetscivet,civetsclam,clamsclam,giantclamclam,clamsclam,giantclamcoati,koaticoati,koaticoatimundi,cotimundicoatimundi,cotimundicobra,cobiacobra,cobrcobra,cobrascobra,cobiacobra,cobrcobra,cobrascockatiel,cocateelcockatiel,cockateelcockatiel,cockateilcockatiel,cocateelcockatiel,cockateelcockatiel,cockateilcockatoo,cocatoocockatoo,cocatoocockroach,cochroachcockroach,cockroachescockroach,roachcockroach,roachbugcockroach,roachescockroach,rouchcockroach,cochroachcockroach,cockroachescockroach,roachcockroach,roachbugcockroach,roachescockroach,rouchcod,codscod,godcod,nodcod,todcod,codscod,godcod,nodcod,todcod,scrodcoelacanth,ceolacanthcoelacanth,ceolacanthcollie,colliescollie,colliesconch,conkconch,conkcondor,goldencondorcondor,goldencondorcopperheadsnake,copperheadcopperheadsnake,copperheadcoral,corralcoral,corralcoralreefsnake,seasnakecoralreefsnake,seasnakecorgi,corgiicorgi,corgiscorgi,welshcorgicorgi,corgiicorgi,corgiscorgi,welshcorgicornishgamehen,cornishhencornishgamehen,cornishhencornsnake,cornsnakescornsnake,cornsnakescottontailrabbit,cottontailcottontailrabbit,cottontailcougar,couagercougar,cougarscougar,cougatcougar,cougercougar,couagercougar,cougarscougar,cougatcougar,cougercow,cattkecow,cattlecow,cocow,coecow,coqcow,coscow,cowncow,cowscow,cwcow,cattkecow,cattlecow,cocow,coecow,coqcow,coscow,cowncow,cowscow,cwcow,cowecoyote,cayotecoyote,cototecoyote,cotycoyote,coyoecoyote,coyotacoyote,coyoteecoyote,coyotescoyote,coyotocoyote,coyotrcoyote,coyottecoyote,coytoecoyote,coytycoyote,cpyotecoyote,cyotecoyote,cyoteecoyote,cyotescoyote,koyotecoyote,cayotecoyote,cototecoyote,cotycoyote,coyoecoyote,coyotacoyote,coyoteecoyote,coyotescoyote,coyotocoyote,coyotrcoyote,coyottecoyote,coytoecoyote,coytycoyote,cpyotecoyote,cyotecoyote,cyoteecoyote,cyotescoyote,koyotecoyote,coyettecoypu,riverratcoypu,riverratcrab,crabscrab,cracbcrab,crabscrab,cracbcrab,crab\crawfish,crawdadcrawfish,crawdadcrayfish,xrayfishcrayfish,xrayfishcricket,cricketscricket,cricketscrocodile,crocodile,corcodilecrocodile,croccrocodile,crocadilecrocodile,crocadilescrocodile,croccodilecrocodile,croccodilescrocodile,crocdilecrocodile,crocidilecrocodile,crocidillacrocodile,crocidliescrocodile,crockcrocodile,crockadilecrocodile,crockadilescrocodile,crocodiacrocodile,crocodialcrocodile,crocodialscrocodile,crocodiascrocodile,crocodielcrocodile,crocodilacrocodile,crocodilescrocodile,crocodillecrocodile,crocodiloecrocodile,crocoldilecrocodile,crododilecrocodile,crocodile,corcodilecrocodile,croccrocodile,crocadilecrocodile,crocadilescrocodile,croccodilecrocodile,croccodilescrocodile,crocdilecrocodile,crocidilecrocodile,crocidillacrocodile,crocidliescrocodile,crockcrocodile,crockadilecrocodile,crockadilescrocodile,crocodiacrocodile,crocodialcrocodile,crocodialscrocodile,crocodiascrocodile,crocodielcrocodile,crocodilacrocodile,crocodilescrocodile,crocodillecrocodile,crocodiloecrocodile,crocoldilecrocodile,crododilecrocodile,crocedilecrocodile,vroccrow,crowscrow,crowscub,cubscub,cubsdachshund,dachsunddachshund,dachsunddaddylonglegs,daddylonglegdaddylonglegs,daddylonglegdalmatian,dalmationdalmatian,dalmationdamselfish,damselfishesdamselfish,damselfishsdamselfish,damselfishesdamselfish,damselfishsdeer,beerdeer,deardeer,deedeer,deefdeer,deekdeer,deerrdeer,deetdeer,derdeer,derrdeer,eerdeer,beerdeer,deardeer,deedeer,deefdeer,deekdeer,deerrdeer,deetdeer,derdeer,derrdeer,eerdeer,fallowdeerdeer,killdeerdegu,tegudegu,tegudingo,dingodogdingo,dingodogdinosaur,dianosordinosaur,dinasoardinosaur,dinasuardinosaur,dinoarsdinosaur,dinoaurdinosaur,dinosardinosaur,dinosaursdinosaur,dinosourdinosaur,dianosordinosaur,dinasoardinosaur,dinasuardinosaur,dinoarsdinosaur,dinoaurdinosaur,dinosardinosaur,dinosaursdinosaur,dinosourdobermanpinscher,dobermandobermanpinscher,dobermanpincherdobermanpinscher,dobermandobermanpinscher,dobermanpincherdodo,dodobirddodo,dodobirddog,bigdogdog,digdog,dodog,dobdog,dofdog,dogcdog,dogddog,doggodog,dogsdog,dohdog,doigdog,dolgdog,doogdog,doogsdog,fogdog,gogdog,sogdog,bigdogdog,digdog,dodog,dobdog,dofdog,dogcdog,dogddog,doggodog,dogsdog,dohdog,doigdog,dolgdog,doogdog,doogsdog,fogdog,gogdog,sogdog,dagdog,docdog,doddog,"dog,"dog,winniedogdolphin,dolfanddolphin,dolfindolphin,dolhindolphin,dolhpindolphin,dollphindolphin,dolpgindolphin,dolpginedolphin,dolphandolphin,dolphicdolphin,dolphinedolphin,dolphinesdolphin,dolphinsdolphin,dolphndolphin,dolphnsdolphin,dolphondolphin,dolphonedolphin,dolphonesdolphin,dolpihdolphin,dolpindolphin,dophindolphin,dophinedolphin,dophinsdolphin,doplhindolphin,dorfindolphin,dphindolphin,solphindolphin,dolfanddolphin,dolfindolphin,dolhindolphin,dolhpindolphin,dollphindolphin,dolpgindolphin,dolpginedolphin,dolphandolphin,dolphicdolphin,dolphinedolphin,dolphinesdolphin,dolphinsdolphin,dolphndolphin,dolphnsdolphin,dolphondolphin,dolphonedolphin,dolphonesdolphin,dolpihdolphin,dolpindolphin,dophindolphin,dophinedolphin,dophinsdolphin,doplhindolphin,dorfindolphin,dphindolphin,solphindolphin,dolphidolphin,dolphiondonkey,burrodonkey,dokeydonkey,donkedonkey,donkeysdonkey,donkiesdonkey,donkydonkey,dunkeydonkey,jackassdonkey,wildassdonkey,burrodonkey,dokeydonkey,donkedonkey,donkeysdonkey,donkiesdonkey,donkydonkey,dunkeydonkey,jackassdonkey,wildassdormouse,doormousdormouse,doormousedormouse,doormousdormouse,doormousedouble-crestedcormorant,doublecrestedcommorantdouble-crestedcormorant,doublecrestedcommorantdove,dovesdove,dovesdove,morningdovedragon,dragonsdragon,dragonsdromedary,dramadarydromedary,dramaderiedromedary,dromdrydromedary,dramadarydromedary,dramaderiedromedary,dromdryduck,dickduck,duchduck,ducksduck,dukduck,dunkduck,fuckduck,patoduck,dickduck,duchduck,ducksduck,dukduck,dunkduck,fuckduck,patoduck,mallaldungbeetle,dungebeetledungbeetle,dungebeetleeagle,eageleagle,eagleagle,eagleseagle,eatleeagle,egaleeagle,egaleseagle,eageleagle,eagleagle,eagleseagle,eatleeagle,egaleeagle,egaleseagle,eag;eeagle,eageeagle,eaglerayearthworm,earthwormsearthworm,earthwormsechidna,echidnasechidna,echindnaechidna,encidnaechidna,echidnasechidna,echindnaechidna,encidnaechidna,echidneel,eelseel,teeleel,eelseel,teelegret,gritegret,gritelephant,africanelephantelephant,asianelephantelephant,ee[hantelephant,eelpwhantelephant,eephantelephant,elaphantelephant,eleaphantelephant,elefantelephant,elehantelephant,elepantelephant,elephamtelephant,elephanelephant,elephangelephant,elephanitelephant,elephantselephant,elephanyelephant,elephatelephant,elephatnelephant,elephnatelephant,elepohantelephant,elphantelephant,elphantselephant,africanelephantelephant,asianelephantelephant,ee[hantelephant,eelpwhantelephant,eephantelephant,elaphantelephant,eleaphantelephant,elefantelephant,elehantelephant,elepantelephant,elephamtelephant,elephanelephant,elephangelephant,elephanitelephant,elephantselephant,elephanyelephant,elephatelephant,elephatnelephant,elephnatelephant,elepohantelephant,elphantelephant,elphantselephant,elepahntelephant,ellephantelk,elelk,elkielk,elkkelk,elelk,elkielk,elkkelk,elekelk,elkmooseelk,elsemu,emusemu,enuemu,imuemu,remusemu,emusemu,enuemu,imuemu,remusermine,erminermine,erminfalcon,faconfalcon,falcolnfalcon,falcomfalcon,falconsfalcon,flaconfalcon,faconfalcon,falcolnfalcon,falcomfalcon,falconsfalcon,flaconfeline,feelinefeline,feelinefennecfox,fennecfennecfox,fennecferret,cerretferret,farretferret,farretsferret,farrettferret,farretteferret,feeretferret,feretferret,ferratferret,ferratsferret,ferret/furretferret,ferretsferret,ferrettferret,ferritferret,ferriteferret,ferritsferret,ferrrettferret,furretferret,pharretferret,pharretsferret,cerretferret,farretferret,farretsferret,farrettferret,farretteferret,feeretferret,feretferret,ferratferret,ferratsferret,ferret/furretferret,ferretsferret,ferrettferret,ferritferret,ferriteferret,ferritsferret,ferrrettferret,furretferret,pharretferret,pharretsferret,ferrutferret,ferrutfinch,fenchfinch,finchesfinch,finshfinch,fenchfinch,finchesfinch,finshfireant,fireantsfireant,fireantsfirefly,firefliesfirefly,firefliesfish,f5shfish,fidhfish,fishesfish,fiskfish,fisshfish,fushfish,ishfish,f5shfish,fidhfish,fishesfish,fiskfish,fisshfish,fushfish,ishfish,mackarelfish,nemofish,neonfishfisher,fischercatfisher,fishercatfisher,fischercatfisher,fishercatflamingo,domingoflamingo,falmingoflamingo,falmingosflamingo,flamingoiflamingo,flamingosflamingo,flammingoflamingo,flamnigoflamingo,flamningoflamingo,domingoflamingo,falmingoflamingo,falmingosflamingo,flamingoiflamingo,flamingosflamingo,flammingoflamingo,flamnigoflamingo,flamningoflamingo,flamigoflea,fleflea,fleasflea,fleflea,fleasfly,flhyfly,fliesfly,fyfly,moscasfly,flhyfly,fliesfly,fyfly,moscasflyingfish,flyfishflyingfish,flyfishflyingsquirrel,flyingsquirelflyingsquirrel,flyingsquirelfossa,fosafossa,fosafoureyebutterflyfish,foureyebutterflyfishesfoureyebutterflyfish,foureyedbutterflyfishfoureyebutterflyfish,foureyebutterflyfishesfoureyebutterflyfish,foureyedbutterflyfishfowl,foulfowl,woflfowl,foulfowl,woflfox,fixfox,fofox,fosxfox,fosxesfox,fosxsfox,foxesfox,fozfox,fozxfox,fozxesfox,fozxsfox,fpxfox,fixfox,fofox,fosxfox,fosxesfox,fosxsfox,foxesfox,fozfox,fozxfox,fozxesfox,fozxsfox,fpxfox,articfoxfrenchbulldog,frenchbulldogsfrenchbulldog,frenchiefrenchbulldog,frenchbulldogsfrenchbulldog,frenchiefrog,forgfrog,froffrog,frogsfrog,fromfrog,frongfrog,frorfrog,forgfrog,froffrog,frogsfrog,fromfrog,frongfrog,frorgardensnake,gardinersnakegardensnake,gardinersnakegazelle,gasellegazelle,gazelgazelle,gazellgazelle,gazellagazelle,gazellesgazelle,gazzellgazelle,gazzellegazelle,gezzelegazelle,gissellegazelle,gizellegazelle,gasellegazelle,gazelgazelle,gazellgazelle,gazellagazelle,gazellesgazelle,gazzellgazelle,gazzellegazelle,gezzelegazelle,gissellegazelle,gizellegecko,geccogecko,gecogecko,gecosgecko,geekogecko,geickogecko,geicogecko,gekkogecko,gekkosgecko,gekogecko,gekosgecko,gieccogecko,giecogecko,geccogecko,gecogecko,gecosgecko,geekogecko,geickogecko,geicogecko,gekkogecko,gekkosgecko,gekogecko,gekosgecko,gieccogecko,giecogerbil,gerbalgerbil,gerbelgerbil,gerbergerbil,gerbigerbil,gerbilegerbil,gerbillgerbil,gerbilsgerbil,gerbitgerbil,gerbitsgerbil,gerblegerbil,gerblesgerbil,geriblgerbil,girbilgerbil,girblegerbil,jerbulgerbil,gerbalgerbil,gerbelgerbil,gerbergerbil,gerbigerbil,gerbilegerbil,gerbillgerbil,gerbilsgerbil,gerbitgerbil,gerbitsgerbil,gerblegerbil,gerblesgerbil,geriblgerbil,girbilgerbil,girblegerbil,jerbulgermanshepherd,germansheapardgermanshepherd,germansheapardsgermanshepherd,germansheardgermanshepherd,germanshepardgermanshepherd,germanshepardsgermanshepherd,germansheperdgermanshepherd,germansheperddgermanshepherd,germansheperdsgermanshepherd,germanshephardgermanshepherd,germansheppardgermanshepherd,germansheapardgermanshepherd,germansheapardsgermanshepherd,germansheardgermanshepherd,germanshepardgermanshepherd,germanshepardsgermanshepherd,germansheperdgermanshepherd,germansheperddgermanshepherd,germansheperdsgermanshepherd,germanshephardgermanshepherd,germansheppardgilamonster,gilamonstersgilamonster,gillamonstergilamonster,gillamonstersgilamonster,gillmonstergilamonster,guillamonstergilamonster,villamonstergilamonster,gilamonstersgilamonster,gillamonstergilamonster,gillamonstersgilamonster,gillmonstergilamonster,guillamonstergilamonster,villamonstergiraffe,firaffegiraffe,firageegiraffe,garaffigiraffe,garafiigiraffe,garrafegiraffe,garriffgiraffe,giarffegiraffe,girafgiraffe,girafegiraffe,girafeegiraffe,giraffgiraffe,giraffeegiraffe,giraffeesgiraffe,giraffesgiraffe,girafffegiraffe,giraffiegiraffe,giraftgiraffe,giraggegiraffe,girarfeegiraffe,girffegiraffe,girrafegiraffe,girrafeegiraffe,girrafesgiraffe,girraffgiraffe,girraffegiraffe,giuraffegiraffe,guiaffesgiraffe,irafegiraffe,firaffegiraffe,firageegiraffe,garaffigiraffe,garafiigiraffe,garrafegiraffe,garriffgiraffe,giarffegiraffe,girafgiraffe,girafegiraffe,girafeegiraffe,giraffgiraffe,giraffeegiraffe,giraffeesgiraffe,giraffesgiraffe,girafffegiraffe,giraffiegiraffe,giraftgiraffe,giraggegiraffe,girarfeegiraffe,girffegiraffe,girrafegiraffe,girrafeegiraffe,girrafesgiraffe,girraffgiraffe,girraffegiraffe,giuraffegiraffe,guiaffesgiraffe,irafegiraffe,geraffesgiraffe,girafdfegiraffe,giraffwegiraffe,graiffegnat,knatsgnat,natgnat,knatsgnat,natgoat,ggoatgoat,ggoatsgoat,goagoat,goatsgoat,kidgoatgoat,toatgoat,ggoatgoat,ggoatsgoat,goagoat,goatsgoat,kidgoatgoat,toatgoat,gaotgoat,jgoatgoby,gobigoby,gobigoldendoodle,goldendoodlgoldendoodle,goldendoodlesgoldendoodle,goldendoodlsgoldendoodle,goldendoodlgoldendoodle,goldendoodlesgoldendoodle,goldendoodlsgoldenretriever,goldenretreivergoldenretriever,goldenretreivergoldfish,godlfishgoldfish,goldfishesgoldfish,goldfishsgoldfish,godlfishgoldfish,goldfishesgoldfish,goldfishsgoose,geesegoose,ghoosegoose,goodegoose,gooosegoose,goosgoose,goosergoose,goosrgoose,gppsegoose,geesegoose,ghoosegoose,goodegoose,gooosegoose,goosgoose,goosergoose,goosrgoose,gppsegopher,gofergopher,gopergopher,gophersgopher,gphergopher,gofergopher,gopergopher,gophersgopher,gphergorilla,garrilagorilla,goriallagorilla,goriilagorilla,gorilagorilla,gorillgorilla,gorillasgorilla,gorilllagorilla,gorilllllagorilla,gorrilagorilla,gorrillagorilla,gorrillasgorilla,grilagorilla,guerillagorilla,guerrilagorilla,guerrillagorilla,guerrillaagorilla,guerrillasgorilla,garrilagorilla,goriallagorilla,goriilagorilla,gorilagorilla,gorillgorilla,gorillasgorilla,gorilllagorilla,gorilllllagorilla,gorrilagorilla,gorrillagorilla,gorrillasgorilla,grilagorilla,guerillagorilla,guerrilagorilla,guerrillagorilla,guerrillaagorilla,guerrillasgrackle,gacklegrackle,gacklegrasshopper,grashoppergrasshopper,grasshopergrasshopper,grasshoppersgrasshopper,grashoppergrasshopper,grasshopergrasshopper,grasshoppersgrasssnake,grasssnakesgrasssnake,grasssnakesgraywhale,graywhalesgraywhale,greywhalegraywhale,greywhalesgraywhale,graywhalesgraywhale,greywhalegraywhale,greywhalesgraywolf,greywolfgraywolf,greywolfgreatpyrenees,greatpyrennesgreatpyrenees,greatpyrennesgreatwhiteshark,whiteshakrgreatwhiteshark,whiteshakrgreyhound,grayhoundgreyhound,grayhoundgreysquirrel,greysquirrelsgreysquirrel,greysquirrelsgrizzly bear,grizleybeargrizzly bear,grizleybeargrizzlybear,grizleygrizzlybear,grizleybeargrizzlybear,grizzlebeargrizzlybear,grizzleybeargrizzlybear,grizzlygrizzlybear,grizzlybearsgrizzlybear,grizzlybeatgrizzlybear,grizleygrizzlybear,grizleybeargrizzlybear,grizzlebeargrizzlybear,grizzleybeargrizzlybear,grizzlygrizzlybear,grizzlybearsgrizzlybear,grizzlybeatgroundhog,groundhiggroundhog,groundhodgroundhog,groundhogsgroundhog,groundhotgroundhog,grounghodgroundhog,grounghoggroundhog,grounhoggroundhog,groundhiggroundhog,groundhodgroundhog,groundhogsgroundhog,groundhotgroundhog,grounghodgroundhog,grounghoggroundhog,grounhoggroundsquirrel,thirteenstripegroundsquirrelgroundsquirrel,thirteenstripegroundsquirrelgroundsquirrel,grow]undsqyirrelgrouper,gohpergrouper,gohperguineafowl,guineahensguineafowl,guineahensguineafowl,ginnyguineapig,geniepigguineapig,geniepigsguineapig,gineapigguineapig,gineaupigguineapig,gineaupigsguineapig,ginueapigguineapig,ginueapigsguineapig,ginuepigguineapig,guianapigguineapig,guianapigsguineapig,guidepigguineapig,guienepigguineapig,guinapigguineapig,guinapigsguineapig,guineaguineapig,guineahenguineapig,guineapeaguineapig,guineapidguineapig,guineapifguineapig,guineapigsguineapig,guinepigguineapig,guiniepigguineapig,guinipigguineapig,guinneapigguineapig,guinneapigsguineapig,guinniepigguineapig,gukneapigguineapig,guneapigguineapig,gunieapigguineapig,gunieapigsguineapig,guniepigguineapig,gunniepigguineapig,geniepigguineapig,geniepigsguineapig,gineapigguineapig,gineaupigguineapig,gineaupigsguineapig,ginueapigguineapig,ginueapigsguineapig,ginuepigguineapig,guianapigguineapig,guianapigsguineapig,guidepigguineapig,guienepigguineapig,guinapigguineapig,guinapigsguineapig,guineaguineapig,guineahenguineapig,guineapeaguineapig,guineapidguineapig,guineapifguineapig,guineapigsguineapig,guinepigguineapig,guiniepigguineapig,guinipigguineapig,guinneapigguineapig,guinneapigsguineapig,guinniepigguineapig,gukneapigguineapig,guneapigguineapig,gunieapigguineapig,gunieapigsguineapig,guniepigguineapig,gunniepigguineapig,guineapicguineapig,guinespigguineapig,guiniapigguppy,guppieguppy,guppiehalibut,halibutshalibut,halibutshammerheadshark,hammerheadhammerheadshark,hammerheadwhalehammerheadshark,hammerheadhammerheadshark,hammerheadwhalehamster,hamatethamster,hambsterhamster,hampsterhamster,hamserhamster,hamsterrhamster,hamstershamster,hamstrhamster,hamsyerhamster,hamatethamster,hambsterhamster,hampsterhamster,hamserhamster,hamsterrhamster,hamstershamster,hamstrhamster,hamsyerhamster,hamstehawk,haekhawk,hawkshawk,hawlhawk,haekhawk,hawkshawk,hawlhawk,hawhedgehog,headchoghedgehog,headgehoghedgehog,hedgehodhedgehog,hedgehogehedgehog,hedgehogshedgehog,hedghoghedgehog,hegehoghedgehog,headchoghedgehog,headgehoghedgehog,hedgehodhedgehog,hedgehogehedgehog,hedgehogshedgehog,hedghoghedgehog,hegehoghedgehog,hegdehoghen,henchen,henshen,henchen,henshen,moorhenhen,moorhenhermitcrab,hermetbrabhermitcrab,hermitcrabshermitcrab,hermetbrabhermitcrab,hermitcrabsheron,heroinheron,herronheron,heroinheron,herronhippopotamus,hipohippopotamus,hipopotamushippopotamus,hipopotimushippopotamus,hipphippopotamus,hipp[hippopotamus,hippipolimushippopotamus,hippipolomushippopotamus,hippipolumhippopotamus,hippohippopotamus,hippolhippopotamus,hippopantamuseshippopotamus,hippopatamishippopotamus,hippopatamushippopotamus,hippopatomaushippopotamus,hippopatomushippopotamus,hippopatumushippopotamus,hippopatushippopotamus,hippopotamoshippopotamus,hippopotamoushippopotamus,hippopotatmushippopotamus,hippopotaumshippopotamus,hippopotomoshippopotamus,hippopotomoushippopotamus,hippopotomushippopotamus,hippopottamushippopotamus,hippopotumushippopotamus,hippoptamushippopotamus,hipposhippopotamus,hippotamushippopotamus,hippotumushippopotamus,hypopothemushippopotamus,hipohippopotamus,hipopotamushippopotamus,hipopotimushippopotamus,hipphippopotamus,hipp[hippopotamus,hippipolimushippopotamus,hippipolomushippopotamus,hippipolumhippopotamus,hippohippopotamus,hippolhippopotamus,hippopantamuseshippopotamus,hippopatamishippopotamus,hippopatamushippopotamus,hippopatomaushippopotamus,hippopatomushippopotamus,hippopatumushippopotamus,hippopatushippopotamus,hippopotamoshippopotamus,hippopotamoushippopotamus,hippopotatmushippopotamus,hippopotaumshippopotamus,hippopotomoshippopotamus,hippopotomoushippopotamus,hippopotomushippopotamus,hippopottamushippopotamus,hippopotumushippopotamus,hippoptamushippopotamus,hipposhippopotamus,hippotamushippopotamus,hippotumushippopotamus,hypopothemushippopotamus,hippo'hippopotamus,hippomatemoushippopotamus,hippopotamuhippopotamus,hippotatamushog,hogghog,razorbackhog,hogghog,razorbackhoneybadger,honeybadgershoneybadger,honeybadgershornedtoad,hornytoadhornedtoad,hornytoadhorse,fillyhorse,forsehorse,gorsehorse,hirsehorse,hoarsehorse,hoirsehorse,horeshorse,horshorse,horseehorse,horseshorse,hosehorse,hosrhorse,hoursehorse,househorse,fillyhorse,forsehorse,gorsehorse,hirsehorse,hoarsehorse,hoirsehorse,horeshorse,horshorse,horseehorse,horseshorse,hosehorse,hosrhorse,hoursehorse,househorse,horehorse,horehorse,horsdehorse,zorsehorsefly,horse-flyfalcon,falcohorsefly,horse-flydeer,boehorseshoecrab,horshoecrabhorseshoecrab,horshoecrabhound,hounddoghound,hounddoghowlermonkey,hillarymonkeyhowlermonkey,howlerhowlermonkey,howlermonkeyshowlermonkey,howlingmonkeyhowlermonkey,howlingmonkeyshowlermonkey,hillarymonkeyhowlermonkey,howlerhowlermonkey,howlermonkeyshowlermonkey,howlingmonkeyhowlermonkey,howlingmonkeyshuman,girlhuman,homosapienhuman,homosapienshuman,humanbeinghuman,humanshuman,manhuman,peoplehuman,personhuman,womanhuman,girlhuman,homosapienhuman,homosapienshuman,humanbeinghuman,humanshuman,manhuman,peoplehuman,personhuman,womanhummingbird,himmingbirdhummingbird,hummingbidhummingbird,hummingbirdshummingbird,hummingirdhummingbird,hummungbirdhummingbird,himmingbirdhummingbird,hummingbidhummingbird,hummingbirdshummingbird,hummingirdhummingbird,hummungbirdhummingbird,humingbirdhummingbird,hummiiningbirdhumunukuapua,humunukuapuaahumunukuapua,humunukuapuaahusky,huiskiehusky,huiskieshusky,huskiehusky,huskieshusky,huskyshusky,huiskiehusky,huiskieshusky,huskiehusky,huskieshusky,huskyshydrax,hyraxhydrax,hyraxhyena,hayenahyena,hennahyena,hienahyena,hienehyena,hieynahyena,hiyeenahyena,hiyenahyena,hyaenahyena,hyeanahyena,hyeenahyena,hyeenashyena,hyenhyena,hyenaahyena,hyenaehyena,hyenashyena,hyenehyena,hyeneahyena,hyeneashyena,hyeniahyena,hyennahyena,hyneahyena,hayenahyena,hennahyena,hienahyena,hienehyena,hieynahyena,hiyeenahyena,hiyenahyena,hyaenahyena,hyeanahyena,hyeenahyena,hyeenashyena,hyenhyena,hyenaahyena,hyenaehyena,hyenashyena,hyenehyena,hyeneahyena,hyeneashyena,hyeniahyena,hyennahyena,hyneahyena,heinnaibex,abexibex,ibixibex,libexibex,abexibex,ibixibex,libexiguana,igaunaiguana,iguanasiguana,iquanaiguana,igaunaiguana,iguanasiguana,iquanaiguana,iguannainsect,insectsinsect,insectsjack,jaxkjack,jaxkjackal,jackajackal,jackalljackal,jackalopejackal,jackalsjackal,jackeljackal,jacklejackal,jackyljackal,jckeljackal,mackrlejackal,jackajackal,jackalljackal,jackalopejackal,jackalsjackal,jackeljackal,jacklejackal,jackyljackal,jckeljackal,mackrlejackass,jackassesjackass,jackassesjaguar,haguarjaguar,jafuarjaguar,jagjaguar,jagauarjaguar,jagauarsjaguar,jagguarjaguar,jaguarsjaguar,jagurjaguar,jaquarjaguar,haguarjaguar,jafuarjaguar,jagjaguar,jagauarjaguar,jagauarsjaguar,jagguarjaguar,jaguarsjaguar,jagurjaguar,jaquarjaguar,jagaurjay,gayjay,jaybirdjay,gayjay,jaybirdjellyfish,hellyfishjellyfish,hellyfishkangaroo,jangarookangaroo,joeykangaroo,kabgarookangaroo,kagarookangaroo,kanagarookangaroo,kanagarooskangaroo,kanagrookangaroo,kangarooskangaroo,kangarootkangaroo,kangarrookangaroo,kangarukangaroo,kangerookangaroo,kangerooskangaroo,kanggarooskangaroo,kangrookangaroo,kengurukangaroo,kngarookangaroo,jangarookangaroo,joeykangaroo,kabgarookangaroo,kagarookangaroo,kanagarookangaroo,kanagarooskangaroo,kanagrookangaroo,kangarooskangaroo,kangarootkangaroo,kangarrookangaroo,kangarukangaroo,kangerookangaroo,kangerooskangaroo,kanggarooskangaroo,kangrookangaroo,kengurukangaroo,kngarookangaroo,kamgarookillerwhale,killerwealkillerwhale,killerwhaleskillerwhale,killerwealkillerwhale,killerwhaleskingcobra,kingkobrakingcobra,kingkobrakinkajou,kinkajookinkajou,kinkajookinkajou,kikajoukitten,kittenskitten,kittycatkitten,kittenskitten,kittycatkiwi,kiwibirdkiwi,kiwibirdkoala,cowallabearkoala,kaolakoala,kialakoala,kiolakoala,koalkoala,koalabearkoala,koalaskoala,kolabearkoala,kooalakoala,kowalahkoala,kualakoala,cowallabearkoala,kaolakoala,kialakoala,kiolakoala,koalkoala,koalabearkoala,koalaskoala,kolabearkoala,kooalakoala,kowalahkoala,kualakoala,koalokodiak,kodiakbearkodiak,kodiakbearkoi,coikoi,koifishkoi,koiskoi,nishikigoikoi,coikoi,koifishkoi,koiskoi,nishikigoikomododragon,kamododragonkomododragon,kamonokomododragon,kimododragonkomododragon,komodokomododragon,komododragankomododragon,komododragonskomododragon,komodragomkomododragon,komodragonkomododragon,komonodragonkomododragon,komotodragonkomododragon,kumotodragonkomododragon,kumotodragonskomododragon,kamododragonkomododragon,kamonokomododragon,kimododragonkomododragon,komodokomododragon,komododragankomododragon,komododragonskomododragon,komodragomkomododragon,komodragonkomododragon,komonodragonkomododragon,komotodragonkomododragon,kumotodragonkomododragon,kumotodragonskookaburra,koocaburakookaburra,kookaburakookaburra,koocaburakookaburra,kookaburakrill,krillskrill,krillslabradorretriever,lablabradorretriever,labadorlabradorretriever,labradorlabradorretriever,labradorslabradorretriever,labslabradorretriever,yellowlablabradorretriever,lablabradorretriever,labadorlabradorretriever,labradorlabradorretriever,labradorslabradorretriever,labslabradorretriever,yellowlabladybug,ladtbugladybug,ladybirdladybug,ladybugsladybug,ladtbugladybug,ladybirdladybug,ladybugslamb,lamlamb,lambslamb,lamplamb,lamlamb,lambslamb,lamplamprey,lampraylamprey,lampraylargemouthbass,largemouthbasseslargemouthbass,largemouthbassesleech,leachleech,leechesleech,leachleech,leecheslemming,lemmingslemming,lemmingslemur,leamurlemur,leemerlemur,leemurlemur,lemalemur,lemarlemur,lemmerlemur,lemorlemur,lemulemur,lemurelemur,lemurslemur,lemuxlemur,remurlemur,leamurlemur,leemerlemur,leemurlemur,lemalemur,lemarlemur,lemmerlemur,lemorlemur,lemulemur,lemurelemur,lemurslemur,lemuxlemur,remurlemur,leamerlemur,ringtailedlemurleopard,leaopardleopard,leapardleopard,leapherdleopard,leapordleopard,leoparleopard,leopardsleopard,leopordleopard,lepardleopard,lepardsleopard,lepoardleopard,lepordleopard,lepordsleopard,leppardleopard,lerpardleopard,lipordleopard,loeopardleopard,loepardleopard,lopearleopard,leaopardleopard,leapardleopard,leapherdleopard,leapordleopard,leoparleopard,leopardsleopard,leopordleopard,lepardleopard,lepardsleopard,lepoardleopard,lepordleopard,lepordsleopard,leppardleopard,lerpardleopard,lipordleopard,loeopardleopard,loepardleopard,lopearleopardseal,leapardsealleopardseal,leapardsealsleopardseal,leopardsealsleopardseal,leapardsealleopardseal,leapardsealsleopardseal,leopardsealslhasaapso,lasaapsalhasaapso,lasaapsaliger,ligarliger,lygerliger,ligarliger,lygerlion,junglelionslion,liionlion,linolion,liolion,liomlion,liomnlion,lionjlion,liononlion,lionslion,loinlion,loinslion,tigonlion,junglelionslion,liionlion,linolion,liolion,liomlion,liomnlion,lionjlion,liononlion,lionslion,loinlion,loinslion,tigonlion,lion'lion,lionjackallion,lionnlion,liontigerlizard,lizardslizard,lizrdlizard,lizzardlizard,llizardlizard,llzardlizard,lizardslizard,lizrdlizard,lizzardlizard,llizardlizard,llzardlizard,lizarllama,lamallama,lammallama,llamllama,llamasllama,llammallama,llhamasllama,lamallama,lammallama,llamllama,llamasllama,llammallama,llhamasllama,llaamalobster,lobsterslobster,losterlobster,lobsterslobster,losterlobster,lopsterlocust,locustslocust,locustslonghorn,longhornbulllonghorn,longhornbullloris,lorrisloris,lorrislouse,licelouse,licelovebird,lovebirdslovebird,lovebuglovebird,lovebirdslovebird,lovebuglynx,:ynxlynx,linxlynx,lynzlynx,:ynxlynx,linxlynx,lynzmacaque,macacquemacaque,macaquesmacaque,macacquemacaque,macaquesmacaw,macahmacaw,mackawmacaw,spixsmacawmacaw,macahmacaw,mackawmacaw,spixsmacawmackerel,mackeralmackerel,mackeralmadagascarhissingcockroach,hissingcockroachmadagascarhissingcockroach,hissingcockroachmahimahi,mahimahimahi,mahimalamute,malmutemalamute,malmutemaltese,maltesesmaltese,maltesesmanatee,manatemanatee,manateesmanatee,manatiemanatee,maneteemanatee,maniteemanatee,mannateemanatee,manteemanatee,manatemanatee,manateesmanatee,manatiemanatee,maneteemanatee,maniteemanatee,mannateemanatee,manteemandrill,mandralmandrill,mandralmantaray,mantamantaray,mataraymantaray,mantamantaray,mataraymantis,prayingmantismantis,prayingmantusmantis,preymantismantis,prayingmantismantis,prayingmantusmantis,preymantismarlin,bluemarlinmarlin,martinmarlin,bluemarlinmarlin,martinmarmoset,marmasettmarmoset,marmasettmarmot,armotmarmot,marmontmarmot,armotmarmot,marmontmeerkat,mearcatsmeerkat,mearkatmeerkat,mearkatsmeerkat,meekatmeerkat,meercarmeerkat,meercatmeerkat,meercatsmeerkat,meerkatsmeerkat,meerkcatmeerkat,meerketmeerkat,mercatmeerkat,merecatmeerkat,merecatsmeerkat,merekatmeerkat,merkatmeerkat,mearcatsmeerkat,mearkatmeerkat,mearkatsmeerkat,meekatmeerkat,meercarmeerkat,meercatmeerkat,meercatsmeerkat,meerkatsmeerkat,meerkcatmeerkat,meerketmeerkat,mercatmeerkat,merecatmeerkat,merecatsmeerkat,merekatmeerkat,merkatmidge,madgemidge,madgemillipede,milipedemillipede,millipedesmillipede,milipedemillipede,millipedesmink,minxmink,mixmink,minxmink,mixminnow,minnowfishminnow,minnowsminnow,minominnow,minowminnow,minnowfishminnow,minnowsminnow,minominnow,minowmite,dustmitemite,dustmitemoccasin,watermoccasinmoccasin,watermoccosanmoccasin,watermoccasinmoccasin,watermoccosanmockingbird,mockingjaymockingbird,mockingjaymole,molesmole,nolemole,molesmole,nolemonarchbutterfly,monarchmonarchbutterfly,monarchmongoose,mangoosemongoose,mongoosmongoose,mongoosesmongoose,moongoosemongoose,moongosemongoose,mangoosemongoose,mongoosmongoose,mongoosesmongoose,moongoosemongoose,moongosemonitor,monitorlizardmonitor,savannahmonitormonitor,monitorlizardmonitor,savannahmonitormonkey,maonkeymonkey,mlonkeymonkey,mnokeymonkey,mokeymonkey,monekymonkey,moneymonkey,moneysmonkey,monkemonkey,monkeemonkey,monkeyhmonkey,monkeysmonkey,monkeyymonkey,monkymonkey,onkeymonkey,maonkeymonkey,mlonkeymonkey,mnokeymonkey,mokeymonkey,monekymonkey,moneymonkey,moneysmonkey,monkemonkey,monkeemonkey,monkeyhmonkey,monkeysmonkey,monkeyymonkey,monkymonkey,onkeymonkey,monketmonkey,monnkeymoose,moosmoose,moosdemoose,moosesmoose,moostmoose,moosmoose,moosdemoose,moosesmoose,moostmoose,mossemorayeel,moreyeelmorayeel,moreyeelmosquito,mequitomosquito,mesquitomosquito,misquitomosquito,misquitosmosquito,mosqitomosquito,mosquitimosquito,mosquitosmosquito,mostquitomosquito,mequitomosquito,mesquitomosquito,misquitomosquito,misquitosmosquito,mosqitomosquito,mosquitimosquito,mosquitosmosquito,mostquitomosquito,misquetomosquito,mosqiutomosquito,mosquitoemosquito,mosquitoemoth,lunamothmoth,mothsmoth,lunamothmoth,mothsmountaingoat,mountangoatmountaingoat,mountangoatmountainlion,mountailionmountainlion,mountaincatmountainlion,mountainlionsmountainlion,mountionlionmountainlion,moutainlionmountainlion,mountailionmountainlion,mountaincatmountainlion,mountainlionsmountainlion,mountionlionmountainlion,moutainlionmountainsheep,mountansheepmountainsheep,mountansheepmouse,fieldmousemouse,housemouse,micemouse,moismouse,moousemouse,mousmouse,mousrmouse,fieldmousemouse,housemouse,micemouse,moismouse,moousemouse,mousmouse,mousrmouse,titmousemule,muelmule,mulesmule,mullmule,muelmule,mulesmule,mullmule,muolemuskox,muskeemuskox,muskeemuskrat,muscratmuskrat,muscratsmuskrat,muskratsmuskrat,mustratmuskrat,muscratmuskrat,muscratsmuskrat,muskratsmuskrat,mustratmussel,musclemussel,mussellmussel,musselsmussel,musslemussel,musclemussel,mussellmussel,musselsmussel,musslemyna,mynabirdmyna,mynxmyna,mynabirdmyna,mynxnakedmolerat,moleratnakedmolerat,moleratnarwhal,narwahlnarwhal,narwhalenarwhal,narwholnarwhal,norwalnarwhal,norwhalnarwhal,narwahlnarwhal,narwhalenarwhal,narwholnarwhal,norwalnarwhal,norwhalneanderthal,neandertalneanderthal,neandertalnorthernpike,northernpikeenorthernpike,northernpikesnorthernpike,northernpikeenorthernpike,northernpikesnuthatch,nuthatchernuthatch,nuthatchernutria,neutreanutria,nutraratnutria,nutreanutria,nutriaanimalnutria,neutreanutria,nutraratnutria,nutreanutria,nutriaanimalocelot,oceleotocelot,oceletocelot,ocelotsocelot,ocerlotocelot,oscilotocelot,osolotocelot,oceleotocelot,oceletocelot,ocelotsocelot,ocerlotocelot,oscilotocelot,osolotoctopus,ocopusoctopus,ocotopusoctopus,octapusoctopus,octapussoctopus,octopioctopus,octopousoctopus,octopucoctopus,octopusesoctopus,octopussoctopus,octopuusoctopus,octpusoctopus,octupusoctopus,octupusesoctopus,ocopusoctopus,ocotopusoctopus,octapusoctopus,octapussoctopus,octopioctopus,octopousoctopus,octopucoctopus,octopusesoctopus,octopussoctopus,octopuusoctopus,octpusoctopus,octupusoctopus,octupusesokapi,akapiokapi,orapiokapi,akapiokapi,orapiokapi,okopeokapi,okopeopossum,opossumeopossum,opossumsopossum,oposumopossum,oppasumopossum,opposimopossum,oppossumopossum,oppossumsopossum,opposumopossum,oppussumopossum,opossumeopossum,opossumsopossum,oposumopossum,oppasumopossum,opposimopossum,oppossumopossum,oppossumsopossum,opposumopossum,oppussumopossum,oppsssumopossum,poppsumopossum,possuorangutan,grangutanorangutan,oragatanorangutan,oraguntanorangutan,oragutanorangutan,oranatanorangutan,oranatangorangutan,orangantanorangutan,orangatainorangutan,orangatanorangutan,orangatangorangutan,orangataunorangutan,orangatuanorangutan,orangatunorangutan,orangeoutangorangutan,orangotangorangutan,orangoutangorangutan,oranguatanorangutan,oranguatnorangutan,oranguntanorangutan,orangutaorangutan,orangutangorangutan,orangutauangorangutan,orangutuanorangutan,orantaganorangutan,orantutangorangutan,organgutanorangutan,organgutangorangutan,organgutuanorangutan,organutanorangutan,urangutanorangutan,urangutansorangutan,uranguttanorangutan,grangutanorangutan,oragatanorangutan,oraguntanorangutan,oragutanorangutan,oranatanorangutan,oranatangorangutan,orangantanorangutan,orangatainorangutan,orangatanorangutan,orangatangorangutan,orangataunorangutan,orangatuanorangutan,orangatunorangutan,orangeoutangorangutan,orangotangorangutan,orangoutangorangutan,oranguatanorangutan,oranguatnorangutan,oranguntanorangutan,orangutaorangutan,orangutangorangutan,orangutauangorangutan,orangutuanorangutan,orantaganorangutan,orantutangorangutan,organgutanorangutan,organgutangorangutan,organgutuanorangutan,organutanorangutan,urangutanorangutan,urangutansorangutan,uranguttanorangutan,oragatangorangutan,orangetangorca,orcawhaleorca,orkaorca,orcawhaleorca,orkaosprey,ospreysosprey,seahakwosprey,seahakwsosprey,seahawkosprey,ospreysosprey,seahakwosprey,seahakwsosprey,seahawkostrich,austrichostrich,osritchostrich,osterichostrich,ostirichostrich,ostrachostrich,ostrachsostrich,ostrageostrich,ostretchostrich,ostricheostrich,ostrichesostrich,ostrichhostrich,ostrichsostrich,ostrichwostrich,ostrictostrich,ostrictchostrich,ostrictchesostrich,ostridgeostrich,ostrigeostrich,ostrischostrich,ostritchostrich,ostritchsostrich,otrichostrich,austrichostrich,osritchostrich,osterichostrich,ostirichostrich,ostrachostrich,ostrachsostrich,ostrageostrich,ostretchostrich,ostricheostrich,ostrichesostrich,ostrichhostrich,ostrichsostrich,ostrichwostrich,ostrictostrich,ostrictchostrich,ostrictchesostrich,ostridgeostrich,ostrigeostrich,ostrischostrich,ostritchostrich,ostritchsostrich,otrichotter,otersotter,otteotter,ottersotter,ottorotter,ottorsotter,seaotterotter,seaottersotter,otersotter,otteotter,ottersotter,ottorotter,ottorsotter,seaotterotter,seaottersowl,owilowl,owklowl,owklsowl,owlsowl,owilowl,owklowl,owklsowl,owlsowl,qwlox,goxox,oxenox,goxox,oxenoxen,ocenoxen,ocxenoxen,oxxenoxen,ocenoxen,ocxenoxen,oxxenoyster,oysteoyster,oystersoyster,oysteoyster,oysterspanda,*andapanda,pandpanda,pandaapanda,pandabearpanda,pandabearspanda,pandaspanda,panderpanda,*andapanda,pandpanda,pandaapanda,pandabearpanda,pandabearspanda,pandaspanda,panderpanther,blackpantherspanther,oantherpanther,pantehrpanther,panterpanther,pantharpanther,pantherspanther,patherpanther,pnatherpanther,blackpantherspanther,oantherpanther,pantehrpanther,panterpanther,pantharpanther,pantherspanther,patherpanther,pnatherpanther,bigcatparakeet,markeetparakeet,parakeetsparakeet,parrakeetparakeet,parrokeetparakeet,markeetparakeet,parakeetsparakeet,parrakeetparakeet,parrokeetparrot,arrotparrot,budgieparrotparrot,farrotparrot,parootparrot,parotparrot,parratosparrot,parretparrot,parrotsparrot,parrottparrot,parrottsparrot,perretparrot,perrotparrot,arrotparrot,budgieparrotparrot,farrotparrot,parootparrot,parotparrot,parratosparrot,parretparrot,parrotsparrot,parrottparrot,parrottsparrot,perretparrot,perrotparrot,maqaquepeacock,peacockspeacock,peakcockpeacock,peaockpeacock,pecockpeacock,pecockspeacock,peecockpeacock,peecockspeacock,peecokpeacock,peocockpeacock,peacockspeacock,peakcockpeacock,peaockpeacock,pecockpeacock,pecockspeacock,peecockpeacock,peecockspeacock,peecokpeacock,peocockpeccary,havelinapeccary,javalinapeccary,javelinapeccary,havelinapeccary,javalinapeccary,javelinapelican,pelecanpelican,pelicanspelican,peliganpelican,pellicanpelican,pelocanpelican,pelecanpelican,pelicanspelican,peliganpelican,pellicanpelican,pelocanpenguin,enguinepenguin,peguinpenguin,penginpenguin,penginepenguin,penginespenguin,pengionspenguin,pengiunpenguin,pengiunspenguin,penguinepenguin,penguinespenguin,penguinnpenguin,penguinspenguin,penguninpenguin,penguninepenguin,penguninespenguin,penguninspenguin,penquinpenguin,penuinpenguin,pinguepenguin,pinguinpenguin,pinguinspenguin,enguinepenguin,peguinpenguin,penginpenguin,penginepenguin,penginespenguin,pengionspenguin,pengiunpenguin,pengiunspenguin,penguinepenguin,penguinespenguin,penguinnpenguin,penguinspenguin,penguninpenguin,penguninepenguin,penguninespenguin,penguninspenguin,penquinpenguin,penuinpenguin,pinguepenguin,pinguinpenguin,pinguinsperegrine,peregrinefalconperegrine,peregrinefalconpersian,persiancatpersian,persiancatpheasant,feasantpheasant,feasentpheasant,phasantpheasant,pheasantspheasant,pheasentpheasant,phesantpheasant,feasantpheasant,feasentpheasant,phasantpheasant,pheasantspheasant,pheasentpheasant,phesantpig,hogpig,hogspig,pgpig,pibpig,picpig,pigspig,pigwpig,pinpig,porkpig,swinepig,hogpig,hogspig,pgpig,pibpig,picpig,pigspig,pigwpig,pinpig,porkpig,swinepig,igpig,pigfpigeon,igeonpigeon,passengerpigeonpigeon,pidgeonpigeon,pidgeonspigeon,pieganpigeon,piegeonpigeon,piegeonspigeon,piegonpigeon,pigeonspigeon,pigieonpigeon,pigonpigeon,rockdovepigeon,igeonpigeon,passengerpigeonpigeon,pidgeonpigeon,pidgeonspigeon,pieganpigeon,piegeonpigeon,piegeonspigeon,piegonpigeon,pigeonspigeon,pigieonpigeon,pigonpigeon,rockdovepiglet,pigletspiglet,pigletspiranha,paranapiranha,perranapiranha,perranaspiranha,phiranapiranha,pirahnapiranha,piranapiranha,piranahpiranha,pirannapiranha,pirhanapiranha,pirhannapiranha,pirranapiranha,pirranhapiranha,prannahpiranha,puranapiranha,puranaspiranha,paranapiranha,perranapiranha,perranaspiranha,phiranapiranha,pirahnapiranha,piranapiranha,piranahpiranha,pirannapiranha,pirhanapiranha,pirhannapiranha,pirranapiranha,pirranhapiranha,prannahpiranha,puranapiranha,puranaspitbull,pittbullpitbull,pittbullplatypus,duckbilledplatypusplatypus,duckbillplatypusplatypus,platapusplatypus,platapussplatypus,platipusplatypus,platopusplatypus,platpusplatypus,platypuplatypus,platypussplatypus,platyputplatypus,playapusplatypus,playtpusplatypus,playtypusplatypus,duckbilledplatypusplatypus,duckbillplatypusplatypus,platapusplatypus,platapussplatypus,platipusplatypus,platopusplatypus,platpusplatypus,platypuplatypus,platypussplatypus,platyputplatypus,playapusplatypus,playtpusplatypus,playtypusplatypus,platyapuspolarbear,ploarbearpolarbear,ploarbeat=rpolarbear,polabearpolarbear,polarpolarbear,polarbarpolarbear,polarbeapolarbear,polarbearspolarbear,polarberpolarbear,polarebarpolarbear,polarebarspolarbear,polarebearpolarbear,polarebearspolarbear,poplarbearpolarbear,ploarbearpolarbear,ploarbeat=rpolarbear,polabearpolarbear,polarpolarbear,polarbarpolarbear,polarbeapolarbear,polarbearspolarbear,polarberpolarbear,polarebarpolarbear,polarebarspolarbear,polarebearpolarbear,polarebearspolarbear,poplarbearpomeranian,pomeraniapomeranian,pomeraniapony,poniespony,poniespoodle,poddlepoodle,poddlespoodle,poodlespoodle,poddlepoodle,poddlespoodle,poodlesporcupine,porccupineporcupine,porccupinesporcupine,porccuupineporcupine,porcipineporcupine,porcipuneporcupine,porcucpineporcupine,porcupinporcupine,porcupinesporcupine,porcupinsporcupine,porquipineporcupine,porquipinesporcupine,porqupineporcupine,porqupinesporcupine,porupineporcupine,procupineporcupine,purcupineporcupine,porccupineporcupine,porccupinesporcupine,porccuupineporcupine,porcipineporcupine,porcipuneporcupine,porcucpineporcupine,porcupinporcupine,porcupinesporcupine,porcupinsporcupine,porquipineporcupine,porquipinesporcupine,porqupineporcupine,porqupinesporcupine,porupineporcupine,procupineporcupine,purcupineporpoise,porpoisesporpoise,porpousporpoise,porpouseporpoise,porpusporpoise,porpysporpoise,porpysesporpoise,purposeporpoise,porpoisesporpoise,porpousporpoise,porpouseporpoise,porpusporpoise,porpysporpoise,porpysesporpoise,purposeportuguesewaterdog,waterdogportuguesewaterdog,waterdogpossum,popussumpossum,possiumpossum,possompossum,possoumpossum,possumspossum,possunspossum,possuumpossum,popussumpossum,possiumpossum,possompossum,possoumpossum,possumspossum,possunspossum,possuumpotbelliedpig,potbellypigpotbelliedpig,potbellypigprairiechicken,prairiechickensprairiechicken,prairiechickensprairiedog,parriedogprairiedog,praeriedogprairiedog,prairedogprairiedog,prairiedog!prairiedog,prairiedogsprairiedog,prairirdogprairiedog,prariedogprairiedog,parriedogprairiedog,praeriedogprairiedog,prairedogprairiedog,prairiedog!prairiedog,prairiedogsprairiedog,prairirdogprairiedog,prariedogprawn,prawnsprawn,prawnsprayingmantis,paryingmantisprayingmantis,preyingmantisprayingmantis,paryingmantisprayingmantis,preyingmantisptarmigan,tarmiganptarmigan,tarmiganpteordactyl,pterodactylpteordactyl,teradactilpteordactyl,teradactylpteordactyl,teradactylepteordactyl,pterodactylpteordactyl,teradactilpteordactyl,teradactylpteordactyl,teradactylepufferfish,pufferfishespufferfish,pufferfishespuffin,puffinspuffin,pufflepuffin,pufinpuffin,puffinspuffin,pufflepuffin,pufinpuma,humapuma,pumaspuma,punapuma,humapuma,pumaspuma,punapuppy,puppiespuppy,pupptpuppy,puppiespuppy,pupptpygmygoat,miniaturegoatpygmygoat,miniaturegoatpygmymarmoset,pigmymarmasotpygmymarmoset,pigmymarmasotpython,ballpythonpython,pythonspython,ballpythonpython,pythonsquail,quaillquail,qualquail,quialquail,squrillquail,quaillquail,qualquail,quialquail,squrillquetzal,quetzelquetzal,quetzelrabbit,bunnyrabbitrabbit,conejorabbit,eabbitrabbit,nnnnrabbitrabbit,rabbbitrabbit,rabbirabbit,rabbitsrabbit,rabbitssrabbit,rabbittrabbit,rabiitrabbit,rabitrabbit,rabittrabbit,radditrabbit,radditsrabbit,bunnyrabbitrabbit,conejorabbit,eabbitrabbit,nnnnrabbitrabbit,rabbbitrabbit,rabbirabbit,rabbitsrabbit,rabbitssrabbit,rabbittrabbit,rabiitrabbit,rabitrabbit,rabittrabbit,radditrabbit,radditsrabbit,bunyrabbit,lopearedbunnyraccoon,racconraccoon,raccoomraccoon,raccoonsraccoon,raconraccoon,racoonraccoon,racoonsraccoon,racooonraccoon,recoonraccoon,riccoonraccoon,racconraccoon,raccoomraccoon,raccoonsraccoon,raconraccoon,racoonraccoon,racoonsraccoon,racooonraccoon,recoonraccoon,riccoonraccoon,reccoonram,raram,ramsram,raram,ramsraptor,raptureraptor,rapturerat,raterat,ratesrat,ratsrat,raterat,ratesrat,ratsrattlesnake,rattelsnakerattlesnake,rattlerrattlesnake,rattlesnackrattlesnake,rattlesnakesrattlesnake,rattelsnakerattlesnake,rattlerrattlesnake,rattlesnackrattlesnake,rattlesnakesrattlesnake,rattlesnkeray,rayhray,rayhreddrum,redfishreddrum,redfishredkangaroo,ulturedinokngaooredkangaroo,ulturedinokngaooredpanda,redpandredpanda,redpandabearredpanda,redpandasredpanda,redpandredpanda,redpandabearredpanda,redpandasredtailedhawk,redtailhawkredtailedhawk,redtailhawkreindeer,raindeerreindeer,reighdeerreindeer,reinddrreindeer,reindearreindeer,reinderreindeer,raindeerreindeer,reighdeerreindeer,reinddrreindeer,reindearreindeer,reinderreindeer,reigndeerreptile,repiltereptile,reptilesreptile,repiltereptile,reptilesrhesusmacaque,rhesusrhesusmacaque,rhesusmonkeyrhesusmacaque,rhesusmonkeysrhesusmacaque,rhesusrhesusmacaque,rhesusmonkeyrhesusmacaque,rhesusmonkeysrhinoceros,rginorhinoceros,rhhinorhinoceros,rhincocerosrhinoceros,rhinerocerosrhinoceros,rhinirhinoceros,rhinorhinoceros,rhinoccerousrhinoceros,rhinocerasrhinoceros,rhinoceroosrhinoceros,rhinocerosesrhinoceros,rhinocerousrhinoceros,rhinocerrosrhinoceros,rhinocerusrhinoceros,rhinocorausrhinoceros,rhinosrhinoceros,rhinosarousrhinoceros,rhinosarusrhinoceros,rhinosaursrhinoceros,rhinosaurusrhinoceros,rhinoscoerosrhinoceros,rhinosorausrhinoceros,rhiorhinoceros,rhioncerosrhinoceros,rinhorhinoceros,rinorhinoceros,rinocerausrhinoceros,rinocerosrhinoceros,rinocerousrhinoceros,whinocerosrhinoceros,rginorhinoceros,rhhinorhinoceros,rhincocerosrhinoceros,rhinerocerosrhinoceros,rhinirhinoceros,rhinorhinoceros,rhinoccerousrhinoceros,rhinocerasrhinoceros,rhinoceroosrhinoceros,rhinocerosesrhinoceros,rhinocerousrhinoceros,rhinocerrosrhinoceros,rhinocerusrhinoceros,rhinocorausrhinoceros,rhinosrhinoceros,rhinosarousrhinoceros,rhinosarusrhinoceros,rhinosaursrhinoceros,rhinosaurusrhinoceros,rhinoscoerosrhinoceros,rhinosorausrhinoceros,rhiorhinoceros,rhioncerosrhinoceros,rinhorhinoceros,rinorhinoceros,rinocerausrhinoceros,rinocerosrhinoceros,rinocerousrhinoceros,whinocerosrhinoceros,rhihorhinoceros,rhinoasarusrhinoceros,rhinoaursusrhinoceros,rhinoserusrhinoceros,rihnorobin,rabinrobin,redbreastrobin,redrobinrobin,robinsrobin,rabinrobin,redbreastrobin,redrobinrobin,robinsrockhead,rockheadfishrockhead,rockheadfishrodent,rldentrodent,rldentroly-poly,roly-polyroly-poly,rolypolyroly-poly,roly-polyroly-poly,rolypolyrooster,roostersrooster,roostersrussianblue,bluerussianrussianblue,bluerussiansabertoothedtiger,sabertsabertoothedtiger,sabertoothtigersabertoothedtiger,sabertsabertoothedtiger,sabertoothtigersaintbernard,saintbernardssaintbernard,saintbernrdsaintbernard,saintbernardssaintbernard,saintbernrdsalamander,chalemandersalamander,salamandarsalamander,salamandarssalamander,salamandereftsalamander,salamanderssalamander,salimandersalamander,salmadarsalamander,salmandarsalamander,salmandarssalamander,salmandersalamander,slamandersalamander,chalemandersalamander,salamandarsalamander,salamandarssalamander,salamandereftsalamander,salamanderssalamander,salimandersalamander,salmadarsalamander,salmandarsalamander,salmandarssalamander,salmandersalamander,slamandersalamander,salamadersalamander,salamadersalmon,salmonssalmon,salomsalmon,salomonsalmon,salomonssalmon,slamonsalmon,salmonssalmon,salomsalmon,salomonsalmon,salomonssalmon,slamonscallop,scalloppscallop,scallopsscallop,scalloppscallop,scallopsscorpion,scoprionscorpion,scorpianscorpion,scorpinscorpion,scorpionsscorpion,scoprionscorpion,scorpianscorpion,scorpinscorpion,scorpionsscottishshetland,sheltiesscottishshetland,sheltiesseagull,seagaulseagull,seagualseagull,seagulseagull,seagullsseagull,segulseagull,segullseagull,seagaulseagull,seagualseagull,seagulseagull,seagullsseagull,segulseagull,segullseahorse,horsefishseahorse,seahorsesseahorse,seahosesseahorse,seahouseseahorse,seashorseseahorse,seehorseseahorse,seehorsesseahorse,horsefishseahorse,seahorsesseahorse,seahosesseahorse,seahouseseahorse,seashorseseahorse,seehorseseahorse,seehorsesseal,seagalseal,sealsseal,seelseal,segalseal,sesalseal,tealseal,seagalseal,sealsseal,seelseal,segalseal,sesalseal,tealsealion,sealioinssealion,sealionssealion,sealioinssealion,sealionsseaotter,seaoterseaotter,seaoterseaslug,seaslugsseaslug,seaslugsseaturtle,seatturleseaturtle,seatturlesseaturtle,seaturtlesseaturtle,seatturleseaturtle,seatturlesseaturtle,seaturtlesseaurchin,seaurchinsseaurchin,seaurchonseaurchin,seaurchonsseaurchin,seaurchinsseaurchin,seaurchonseaurchin,seaurchonsshark,shankshark,shareshark,sharklshark,sharklsshark,sharksshark,sharlshark,sharlsshark,shrakshark,shrkshark,shsrkshark,shankshark,shareshark,sharklshark,sharklsshark,sharksshark,sharlshark,sharlsshark,shrakshark,shrkshark,shsrkshark,sharshark,shark]'sheep,cheepsheep,dheepsheep,hseepsheep,lambsheep,lampsheep,lanmsheep,shesheep,sheesheep,sheelpsheep,sheeosheep,sheeposheep,sheeppsheep,shepsheep,sjeepsheep,cheepsheep,dheepsheep,hseep,sheep,lampsheep,lanmsheep,shesheep,sheesheep,sheelpsheep,sheeosheep,sheeposheep,sheeppsheep,shepsheep,sjeepshellfish,shellfishesshellfish,shellfishesshetlandsheepdog,sheltieshetlandsheepdog,sheltieshihtzu,shihtzusshihtzu,shitzushihtzu,shihtzusshihtzu,shitzushrew,etruscanshrewshrew,shrewsshrew,etruscanshrewshrew,shrewsshrimp,schimpshrimp,shrinpshrimp,shrompshrimp,sphrimpshrimp,schimpshrimp,shrinpshrimp,shrompshrimp,sphrimpsiamesecat,siamesesiamesecat,siamesesiberianbluerobin,bluerobinsiberianbluerobin,bluerobinsidewinder,mojavesidewindersidewinder,mojavesidewinderskink,skynkskink,skynkskunk,dkunkskunk,shunkskunk,sjunkchipmunk,chipmonkhskunk,skunjskunk,skunkcskunk,skunksskunk,slunkskunk,dkunkskunk,shunkskunk,sjunkskunk,skinkskunk,skunjskunk,skunkcskunk,skunksskunk,slunksloth,sloathsloth,sloothsloth,slothssloth,slothsssloth,slotthsloth,threetoedslothsloth,treeslothsloth,sloathsloth,sloothsloth,slothssloth,slothsssloth,slotthsloth,threetoedslothsloth,treeslothsloth,sleuthslug,sluhslug,sluhsmallmouthbass,smallmouthbassessmallmouthbass,smallmouthbassessnail,smnilsnail,snailssnail,snalsnail,snalesnail,smnilsnail,snailssnail,snalsnail,snalesnake,sakesnake,sbakesnake,shakesnake,smakesnake,snacksnake,snaksnake,snakessnake,snakksnake,sneaksnake,sneksnake,sakesnake,sbakesnake,shakesnake,smakesnake,snacksnake,snaksnake,snakessnake,snakksnake,sneaksnake,sneksnake,wnakesnowcrab,opeliosnowcrab,opeliosnowyowl,snow owlsnowyowl,snowowlsnowyowl,snowowlsparrow,brewstersparrowsparrow,brewsterssparrowsparrow,sparowsparrow,sparrowssparrow,sparrwsparrow,spartowsparrow,brewstersparrowsparrow,brewsterssparrowsparrow,sparowsparrow,sparrowssparrow,sparrwsparrow,spartowspermwhale,spermwhalesspermwhale,spermwhalesspider,piderspider,s[iderspider,siderspider,spidespider,spidersspider,spuderspider,spyderspider,piderspider,s[iderspider,siderspider,spidespider,spidersspider,spuderspider,spyderspidermonkey,spidermoneyspidermonkey,spidermoneyspinydogfish,mudsharkspinydogfish,mudsharkspringpeeper,peeperspringpeeper,peepersquid,quidsquid,sqidsquid,squadsquid,quidsquid,sqidsquid,squadsquid,aquidsquirrel,quirrelsquirrel,sqirrelsquirrel,squarlsquirrel,squerillsquirrel,squerralsquirrel,squierrlesquirrel,squiralsquirrel,squireelsquirrel,squirelsquirrel,squirellsquirrel,squirelssquirrel,squirelsssquirrel,squirlsquirrel,squirlesquirrel,squirlssquirrel,squirralsquirrel,squirresquirrel,squirreelsquirrel,squirreksquirrel,squirrellsquirrel,squirrelssquirrel,squirrlsquirrel,squirrlssquirrel,swuirrelsquirrel,quirrelsquirrel,sqirrelsquirrel,squarlsquirrel,squerillsquirrel,squerralsquirrel,squierrlesquirrel,squiralsquirrel,squireelsquirrel,squirelsquirrel,squirellsquirrel,squirelssquirrel,squirelsssquirrel,squirlsquirrel,squirlesquirrel,squirlssquirrel,squirralsquirrel,squirresquirrel,squirreelsquirrel,squirreksquirrel,squirrellsquirrel,squirrelssquirrel,squirrlsquirrel,squirrlssquirrel,swuirrelsquirrel,squerrelsquirrel,squirrel!squirrel,squirrielsquirrel,squirrlesquirrel,squrrelsquirrel,swirellstallion,stallikonstallion,stallikonstar-nosedmole,star-nosedmolestar-nosedmole,starnosedmolestar-nosedmole,star-nosedmolestar-nosedmole,starnosedmolestarfish,seastarstarfish,starstarfish,starfiahstarfish,seastarstarfish,starstarfish,starfiahstarling,sterlingstarling,sterlingsteer,steedsteer,steedstickinsect,walkinggstickstickinsect,walkinggstickstingray,searaystingray,stingaraystingray,stingrangstingray,stingrangsstingray,stingraysstingray,stringraystingray,searaystingray,stingaraystingray,stingrangstingray,stingrangsstingray,stingraysstingray,stringraystoat,stotestoat,stotestork,storksstork,storkssturgeon,sturginsturgeon,sturginsugarglider,sugargliderssugarglider,sugargliderssunbear,sunpandasunbear,sunpandasurgeonfish,surgeonfishessurgeonfish,surgeonfishssurgeonfish,surgeonfishessurgeonfish,surgeonfishsswallow,swallowsswallow,swallowsswan,swamswan,swansswan,swamswan,swansswordfish,swardfishswordfish,swordfishesswordfish,swardfishswordfish,swordfishestadpole,tadpolestadpole,tadpolestamarin,cottontoptamarantamarin,cottontoptamarantammarwallaby,tamartammarwallaby,tamartapir,tapertapir,tapitapir,tapiertapir,tapirstapir,tapertapir,tapitapir,tapiertapir,tapirstarantula,taranchulatarantula,tarantualtarantula,tarantulastarantula,tarrantulatarantula,torantulatarantula,turantulatarantula,taranchulatarantula,tarantualtarantula,tarantulastarantula,tarrantulatarantula,torantulatarantula,turantulatarsier,tarseirtarsier,tarseirtasmaniandevil,tamaniandeviltasmaniandevil,tasmaniandevilstasmaniandevil,tazmaniadeviltasmaniandevil,tazmaniadevilstasmaniandevil,tazmaniandeviltasmaniandevil,tamaniandeviltasmaniandevil,tasmaniandevilstasmaniandevil,tazmaniadeviltasmaniandevil,tazmaniadevilstasmaniandevil,tazmaniandeviltermite,termitestermite,termitesterrapin,terapinterrapin,terripinterrapin,terapinterrapin,terripintick,tictick,tickstick,tictick,tickstiger,rigertiger,tgertiger,tiertiger,tigetiger,tiger.tiger,tigeretiger,tigerstiger,tigettiger,tiggertiger,tighertiger,tingertiger,rigertiger,tgertiger,tiertiger,tigetiger,tiger.tiger,tigeretiger,tigerstiger,tigettiger,tiggertiger,tighertiger,tingertiger,tifertiger,tiger\tiger,tigerttiger,tighrtiger,tigiertiger,tirgertigershark,tigersharkstigershark,tigersharkstoad,taodtoad,toaddtoad,toadstoad,taodtoad,toaddtoad,toadstortoise,galapagostortoisetortoise,tortestortoise,tortiosetortoise,tortisetortoise,tortoistortoise,tortoisestortoise,galapagostortoisetortoise,tortestortoise,tortiosetortoise,tortisetortoise,tortoistortoise,tortoisestortoise,turtoisetoucan,tocantoucan,tocanstoucan,toocantoucan,toucanstoucan,tucantoucan,tucanetoucan,tocantoucan,tocanstoucan,toocantoucan,toucanstoucan,tucantoucan,tucanetriceratops,tricerotopstriceratops,tricerotopstuna,kingtunatuna,tunafishtuna,tunetuna,turntuna,kingtunatuna,tunafishtuna,tunetuna,turnturkey,tikeyturkey,trukeyturkey,tukeyturkey,turketurkey,turkeysturkey,turleyturkey,tikeyturkey,trukeyturkey,tukeyturkey,turketurkey,turkeysturkey,turleyturtle,tuetleturtle,turleturtle,turlteturtle,turtelturtle,turtlturtle,turtlesturtle,tutleturtle,tutlesturtle,tutrleturtle,tuetleturtle,turleturtle,turlteturtle,turtelturtle,turtlturtle,turtlesturtle,tutleturtle,tutlesturtle,tutrleturtle,turtlrturtle,turtlwturtle,turtlwturtle,turttleturtle,tutlrtyrannosaurusrex,t_rextyrannosaurusrex,trextyrannosaurusrex,tryranosaurusrextyrannosaurusrex,tyrannasaurusrextyrannosaurusrex,tyranosaurustyrannosaurusrex,t_rextyrannosaurusrex,trextyrannosaurusrex,tryranosaurusrextyrannosaurusrex,tyrannasaurusrextyrannosaurusrex,tyranosaurusvelociraptor,veliciraptorvelociraptor,veliciraptorviper,vipersviper,vipersvole,wolesvole,wolesvulture,bulturvulture,voluturevulture,vulchervulture,vulturesvulture,bulturvulture,voluturevulture,vulchervulture,vultureswallaby,walabeewallaby,walabiwallaby,walabywallaby,walabyswallaby,wallabewallaby,wallabeewallaby,wallabeeswallaby,wallobywallaby,walobewallaby,whallabeewallaby,walabeewallaby,walabiwallaby,walabywallaby,walabyswallaby,wallabewallaby,wallabeewallaby,wallabeeswallaby,wallobywallaby,walobewallaby,whallabeewalleye,walleyeswalleye,walleyeswalrus,masealwalruswalrus,wallrunwalrus,wallruswalrus,walreswalrus,walriswalrus,walruwalrus,walrumwalrus,walrunwalrus,walrunswalrus,walruseswalrus,walurswalrus,masealwalruswalrus,wallrunwalrus,wallruswalrus,walreswalrus,walriswalrus,walruwalrus,walrumwalrus,walrunwalrus,walrunswalrus,walruseswalrus,walurswalrus,walrswarthog,warhogwarthog,worthogwarthog,warhogwarthog,worthogwasp,waspswasp,wastwasp,waspswasp,wastwatermoccasin,watermocassinwatermoccasin,watermocassinweasel,measelweasel,waselweasel,weasalweasel,weasleweasel,weesleweasel,weezleweasel,weiselweasel,measelweasel,waselweasel,weasalweasel,weasleweasel,weesleweasel,weezleweasel,weiselweevil,weavelsweevil,weevilsweevil,weavelsweevil,weevilswhale,shalewhale,walewhale,waleswhale,wealwhale,whaewhale,whale3whale,whaleswhale,whatewhale,whateswhale,whatlewhale,whialewhale,whlalewhale,wholewhale,shalewhale,walewhale,waleswhale,wealwhale,whaewhale,whale3whale,whaleswhale,whatewhale,whateswhale,whatlewhale,whialewhale,whlalewhale,wholewhale,whaklewhaleshark,whalesharkswhaleshark,whalesharkswhaleshark,whale\sharkwhitetaileddeer,whitetaildeerwhitetaileddeer,whitetaildeerwhitewolf,arcticwolfwhitewolf,arcticwolfwildcat,wildcatswildcat,wildcatswildebeest,widebeestwildebeest,wildabeastwildebeest,wildabeastswildebeest,wildabeestwildebeest,wildbeastwildebeest,wildbeastswildebeest,wildbeestwildebeest,wildebeastwildebeest,wildebeastswildebeest,wilderbeastwildebeest,wilderbeastswildebeest,wilderbeatwildebeest,wildybeastwildebeest,wldebeestwildebeest,widebeestwildebeest,wildabeastwildebeest,wildabeastswildebeest,wildabeestwildebeest,wildbeastwildebeest,wildbeastswildebeest,wildbeestwildebeest,wildebeastwildebeest,wildebeastswildebeest,wilderbeastwildebeest,wilderbeastswildebeest,wilderbeatwildebeest,wildybeastwildebeest,wldebeestwildebeest,widebeastwolf,wofwolf,wolwolf,woldwolf,wolfewolf,wolkwolf,wolvewolf,wolveswolf,wofwolf,wolwolf,woldwolf,wolfewolf,wolkwolf,wolvewolf,wolveswolverine,wolverineswolverine,wolverineswolverine,wolveringwombat,wambatwombat,wambatswombat,wombatswombat,wambatwombat,wambatswombat,wombatswoodpecker,woodpeckerswoodpecker,woodpeckerswoolly mammoth,woolymamothwoolly mammoth,woolymamothwoollymammoth,mammothwoollymammoth,mammothswoollymammoth,mamothwoollymammoth,whollymammothwoollymammoth,wollymammothwoollymammoth,woolymamothwoollymammoth,mammothwoollymammoth,mammothswoollymammoth,mamothwoollymammoth,whollymammothwoollymammoth,wollymammothwoollymammoth,woolymamothworm,woemworm,woormworm,worworm,workworm,wormsworm,wornworm,worwmworm,wrmworm,woemworm,woormworm,worworm,workworm,wormsworm,wornworm,worwmworm,wrmwren,renwren,wrenswren,renwren,wrensyak,yackyak,yaksyak,yackyak,yaksyorkshireterrier,yorkieyorkshireterrier,yorkiesyorkshireterrier,yorkshireterieryorkshireterrier,yorkshireterriersyorkshireterrier,yorkieyorkshireterrier,yorkiesyorkshireterrier,yorkshireterieryorkshireterrier,yorkshireterrierszebra,sebrazebra,xebrazebra,zabrazebra,zebazebra,zebraszebra,zebrrazebra,zebrszebra,zebrzzebra,zeebrazebra,zeebrahzebra,zeebraszebra,zembrazebra,zenbrazebra,zerbazebra,zerbaszebra,zibrazebra,zzebrazebra,zzebraszebra,sebrazebra,xebrazebra,zabrazebra,zebazebra,zebraszebra,zebrrazebra,zebrszebra,zebrzzebra,zeebrazebra,zeebrahzebra,zeebraszebra,zembrazebra,zenbrazebra,zerbazebra,zerbaszebra,zibrazebra,zzebrazebra,zzebraszebra,zebrzebrafish,zebrafighzebrafish,zebrafisheszebrafish,zebrafighzebrafish,zebrafisheschipmunk,chipminkNaN,0,enole,anolicivet,civetcatgryphon,griffongryphon,gyphoncloudedleopard,cloudedtiger,chipmunk,chipmonkhsabertoothtiger,sabertoothafricanpainteddog,wildafricandogduck,geoduckgoose,gooseswhipporwill,whipporwillaardvark,aardvardpillbug,rollypollyibis,ibuswhoppingcrane,whoppingcraneox,oxtailtanuki,tanukisardine,sardinesblackfootedcat,blackfootedcatdirewolf,direwolfsabertoothtiger,sabretoothtigersilverfish,silverfishseasnail,seasnailleviathan,leviaatnseacucumber,seacucomberameoba,amebarabbit,hairporcupine,purqiunearthropod,arthropodwhipporwill,whipporwillarthropod,arthropodgryphon,gyphon,sabertoothtiger,sabretoothtigersabertooth,sabretoothtigerenole,annoligoose,gooseschipmunk,chipminkchipmunk,chipmonkhafricanpainteddog,wildafricandogpillbug,rollypollysardine,sardinesrat,ratrdog,dagchimpanzee,chipanzeeechidna,echidelephant,elephatrhinoceros,rhynocat,cankangaroo,kanagoodeer,babydeerpigeon,pigion